{"ImageAnnotationCollection":{"xmlns":"gme://caCORE.caCORE/4.4/edu.northwestern.radiology.AIM","xmlns:rdf":"http://www.w3.org/1999/02/22-rdf-syntax-ns#","xmlns:xsi":"http://www.w3.org/2001/XMLSchema-instance","aimVersion":"AIMv4_2","xsi:schemaLocation":"gme://caCORE.caCORE/4.4/edu.northwestern.radiology.AIM AIM_v4.2_rv2_XML.xsd","uniqueIdentifier":{"root":"2.25.211702350959705565754863799143359605362"},"studyInstanceUid":{"root":"1.3.12.2.1107.5.8.2.484849.837749.68675556.20031107184420110"},"seriesInstanceUid":{"root":"2.25.297305026499607281616688663473918039656"},"accessionNumber":{"value":"807957555-1"},"dateTime":{"value":"20190314170153"},"user":{"name":{"value":"admin"},"loginName":{"value":"admin"}},"equipment":{"manufacturerName":{"value":"GE MEDICAL SYSTEMS"},"manufacturerModelName":{"value":"LightSpeed QX/i"},"softwareVersion":{"value":"LightSpeedApps10.5_2.8.2I_H1.3M4"}},"person":{"name":{"value":"13116^4248"},"id":{"value":"13116"},"birthDate":{"value":"19460722000000"},"sex":{"value":"F"}},"imageAnnotations":{"ImageAnnotation":[{"uniqueIdentifier":{"root":"2.25.167808007379220149033867236502072349995"},"typeCode":[{"code":"ROI","codeSystemName":"99EPAD","iso:displayName":{"xmlns:iso":"uri:iso.org:21090","value":"ROI Only"}}],"dateTime":{"value":"20190410143704"},"name":{"value":"Lesion2~sp1~-~sp1~-1~sp1~#FFFFFF"},"comment":{"value":"CT /  / 37 / 2"},"trackingUniqueIdentifier":{"root":"2.25.290314328392725256375244707920897857224"},"calculationEntityCollection":{"CalculationEntity":[{"uniqueIdentifier":{"root":"2.25.228667303866216487318031229621506728513"},"typeCode":[{"code":"G-D7FE","codeSystemName":"SRT","iso:displayName":{"xmlns:iso":"uri:iso.org:21090","value":"Length"}}],"description":{"value":"Length"},"calculationResultCollection":{"CalculationResult":[{"type":"Scalar","xsi:type":"CompactCalculationResult","unitOfMeasure":{"value":"cm"},"dataType":{"code":"C48870","codeSystemName":"NCI","iso:displayName":{"xmlns:iso":"uri:iso.org:21090","value":"Double"}},"dimensionCollection":{"Dimension":[{"index":{"value":0},"size":{"value":1},"label":{"value":"LineLength"}}]},"value":{"value":"4.9128997921943665"}}]}},{"uniqueIdentifier":{"root":"2.25.149297817612864317460229755293258556161"},"typeCode":[{"code":"112031","codeSystemName":"DCM","iso:displayName":{"xmlns:iso":"uri:iso.org:21090","value":"Attenuation Coefficient"}},{"code":"R-00317","codeSystemName":"SRT","iso:displayName":{"xmlns:iso":"uri:iso.org:21090","value":"Mean"}}],"description":{"value":"Mean"},"calculationResultCollection":{"CalculationResult":[{"type":"Scalar","xsi:type":"CompactCalculationResult","unitOfMeasure":{"value":"[hnsf'U]"},"dataType":{"code":"C48870","codeSystemName":"NCI","iso:displayName":{"xmlns:iso":"uri:iso.org:21090","value":"Double"}},"dimensionCollection":{"Dimension":[{"index":{"value":0},"size":{"value":1},"label":{"value":"Mean"}}]},"value":{"value":"NaN"}}]}},{"uniqueIdentifier":{"root":"2.25.109771621012014864348900291165650056659"},"typeCode":[{"code":"112031","codeSystemName":"DCM","iso:displayName":{"xmlns:iso":"uri:iso.org:21090","value":"Attenuation Coefficient"}},{"code":"R-10047","codeSystemName":"SRT","iso:displayName":{"xmlns:iso":"uri:iso.org:21090","value":"Standard Deviation"}}],"description":{"value":"Standard Deviation"},"calculationResultCollection":{"CalculationResult":[{"type":"Scalar","xsi:type":"CompactCalculationResult","unitOfMeasure":{"value":"[hnsf'U]"},"dataType":{"code":"C48870","codeSystemName":"NCI","iso:displayName":{"xmlns:iso":"uri:iso.org:21090","value":"Double"}},"dimensionCollection":{"Dimension":[{"index":{"value":0},"size":{"value":1},"label":{"value":"Standard Deviation"}}]},"value":{"value":"0"}}]}},{"uniqueIdentifier":{"root":"2.25.224757407074790343477169561399504475283"},"typeCode":[{"code":"112031","codeSystemName":"DCM","iso:displayName":{"xmlns:iso":"uri:iso.org:21090","value":"Attenuation Coefficient"}},{"code":"R-404FB","codeSystemName":"SRT","iso:displayName":{"xmlns:iso":"uri:iso.org:21090","value":"Minimum"}}],"description":{"value":"Minimum"},"calculationResultCollection":{"CalculationResult":[{"type":"Scalar","xsi:type":"CompactCalculationResult","unitOfMeasure":{"value":"[hnsf'U]"},"dataType":{"code":"C48870","codeSystemName":"NCI","iso:displayName":{"xmlns:iso":"uri:iso.org:21090","value":"Double"}},"dimensionCollection":{"Dimension":[{"index":{"value":0},"size":{"value":1},"label":{"value":"Minimum"}}]},"value":{"value":"-9999999"}}]}},{"uniqueIdentifier":{"root":"2.25.141909136775746414390473252393807407099"},"typeCode":[{"code":"112031","codeSystemName":"DCM","iso:displayName":{"xmlns:iso":"uri:iso.org:21090","value":"Attenuation Coefficient"}},{"code":"G-A437","codeSystemName":"SRT","iso:displayName":{"xmlns:iso":"uri:iso.org:21090","value":"Maximum"}}],"description":{"value":"Maximum"},"calculationResultCollection":{"CalculationResult":[{"type":"Scalar","xsi:type":"CompactCalculationResult","unitOfMeasure":{"value":"[hnsf'U]"},"dataType":{"code":"C48870","codeSystemName":"NCI","iso:displayName":{"xmlns:iso":"uri:iso.org:21090","value":"Double"}},"dimensionCollection":{"Dimension":[{"index":{"value":0},"size":{"value":1},"label":{"value":"Maximum"}}]},"value":{"value":"9999999"}}]}}]},"markupEntityCollection":{"MarkupEntity":[{"xsi:type":"TwoDimensionMultiPoint","uniqueIdentifier":{"root":"2.25.32067670198329003534377090010115361273"},"shapeIdentifier":{"value":1},"includeFlag":{"value":true},"imageReferenceUid":{"root":"1.3.12.2.1107.5.8.2.484849.837749.68675556.20031107184625010"},"referencedFrameNumber":{"value":1},"twoDimensionSpatialCoordinateCollection":{"TwoDimensionSpatialCoordinate":[{"coordinateIndex":{"value":0},"x":{"value":112.7550561797753},"y":{"value":222.05842696629216}},{"coordinateIndex":{"value":1},"x":{"value":179.48764044943823},"y":{"value":201.34831460674158}}]}}]},"imageAnnotationStatementCollection":{"ImageAnnotationStatement":[{"xsi:type":"CalculationEntityReferencesMarkupEntityStatement","subjectUniqueIdentifier":{"root":"2.25.228667303866216487318031229621506728513"},"objectUniqueIdentifier":{"root":"2.25.32067670198329003534377090010115361273"}},{"xsi:type":"CalculationEntityReferencesMarkupEntityStatement","subjectUniqueIdentifier":{"root":"2.25.149297817612864317460229755293258556161"},"objectUniqueIdentifier":{"root":"2.25.32067670198329003534377090010115361273"}},{"xsi:type":"CalculationEntityReferencesMarkupEntityStatement","subjectUniqueIdentifier":{"root":"2.25.109771621012014864348900291165650056659"},"objectUniqueIdentifier":{"root":"2.25.32067670198329003534377090010115361273"}},{"xsi:type":"CalculationEntityReferencesMarkupEntityStatement","subjectUniqueIdentifier":{"root":"2.25.224757407074790343477169561399504475283"},"objectUniqueIdentifier":{"root":"2.25.32067670198329003534377090010115361273"}},{"xsi:type":"CalculationEntityReferencesMarkupEntityStatement","subjectUniqueIdentifier":{"root":"2.25.141909136775746414390473252393807407099"},"objectUniqueIdentifier":{"root":"2.25.32067670198329003534377090010115361273"}}]},"imageReferenceEntityCollection":{"ImageReferenceEntity":[{"xsi:type":"DicomImageReferenceEntity","uniqueIdentifier":{"root":"2.25.314026726836589369769901787666574531320"},"imageStudy":{"instanceUid":{"root":"1.3.12.2.1107.5.8.2.484849.837749.68675556.20031107184420110"},"startDate":{"value":"20031107"},"startTime":{"value":"133600"},"accessionNumber":{"value":"807957555-1"},"imageSeries":{"instanceUid":{"root":"1.3.12.2.1107.5.8.2.484849.837749.68675556.2003110718442012313"},"modality":{"code":"CT","codeSystemName":"DCM","codeSystemVersion":"20121129","iso:displayName":{"xmlns:iso":"uri:iso.org:21090","value":"Computed Tomography"}},"imageCollection":{"Image":[{"sopClassUid":{"root":"1.2.840.10008.5.1.4.1.1.2"},"sopInstanceUid":{"root":"1.3.12.2.1107.5.8.2.484849.837749.68675556.20031107184625010"}}]}}}}]}}]}}}