{"ImageAnnotationCollection":{"xmlns":"gme://caCORE.caCORE/4.4/edu.northwestern.radiology.AIM","xmlns:rdf":"http://www.w3.org/1999/02/22-rdf-syntax-ns#","xmlns:xsi":"http://www.w3.org/2001/XMLSchema-instance","aimVersion":"AIMv4_2","xsi:schemaLocation":"gme://caCORE.caCORE/4.4/edu.northwestern.radiology.AIM AIM_v4.2_rv2_XML.xsd","uniqueIdentifier":{"root":"2.25.406691236443712180070152179640655513199"},"studyInstanceUid":{"root":"1.2.826.0.1.3680043.9.6883.1.27939524453445721325265426006463727"},"seriesInstanceUid":{"root":"2.25.669760033198744454596691371481298011972"},"accessionNumber":{"value":"12345678"},"dateTime":{"value":"20200426051512"},"user":{"loginName":{"value":"admin"},"name":{"value":"admin"}},"equipment":{"manufacturerName":{"value":"Aidoc"},"manufacturerModelName":{"value":""},"softwareVersion":{"value":""}},"person":{"sex":{"value":"F"},"name":{"value":"John Doe"},"id":{"value":"87654321"},"birthDate":{"value":""}},"imageAnnotations":{"ImageAnnotation":[{"uniqueIdentifier":{"root":"2.25.300662477711420521659331173945495696248"},"typeCode":[{"code":"ROI","codeSystemName":"99EPAD","iso:displayName":{"xmlns:iso":"uri:iso.org:21090","value":"ROI Only"}}],"dateTime":{"value":"20200426051512"},"name":{"value":"bbbbbb"},"comment":{"value":"CT / AIDOC / 165 / 9900"},"precedentReferencedAnnotationUid":{"root":""},"calculationEntityCollection":{"CalculationEntity":[{"calculationResultCollection":{"CalculationResult":[{"unitOfMeasure":{"value":"mm"},"dataType":{"code":"C48870","codeSystem":"NCI","iso:displayName":{"xmlns:iso":"uri:iso.org:21090","value":"Double"}},"xsi:type":"CompactCalculationResult","dimensionCollection":{"Dimension":[{"size":{"value":1},"index":{"value":0},"label":{"value":"LineLength"}}]},"type":"Scalar","value":{"value":"41.056937764292954"}}]},"description":{"value":"Length"},"uniqueIdentifier":{"root":"2.25.704071424100062470711237015284282273200"},"typeCode":[{"code":"G-D7FE","codeSystemName":"SRT","iso:displayName":{"xmlns:iso":"uri:iso.org:21090","value":"Length"}}]}]},"markupEntityCollection":{"MarkupEntity":[{"includeFlag":{"value":true},"twoDimensionSpatialCoordinateCollection":{"TwoDimensionSpatialCoordinate":[{"x":{"value":226.46153846153842},"coordinateIndex":{"value":0},"y":{"value":356.73372781065086}},{"x":{"value":306.7455621301775},"coordinateIndex":{"value":1},"y":{"value":331.7396449704142}}]},"shapeIdentifier":{"value":1},"uniqueIdentifier":{"root":"2.25.649991639086520122030198952143094045989"},"xsi:type":"TwoDimensionMultiPoint","imageReferenceUid":{"root":"1.2.826.0.1.3680043.9.6883.1.98634492079789830913649002634932082"},"referencedFrameNumber":{"value":1}}]},"imageAnnotationStatementCollection":{"ImageAnnotationStatement":[{"xsi:type":"CalculationEntityReferencesMarkupEntityStatement","objectUniqueIdentifier":{"root":"2.25.649991639086520122030198952143094045989"},"subjectUniqueIdentifier":{"root":"2.25.704071424100062470711237015284282273200"}}]},"imageReferenceEntityCollection":{"ImageReferenceEntity":[{"imageStudy":{"imageSeries":{"modality":{"code":"CT","codeSystemName":"DCM","iso:displayName":{"xmlns:iso":"uri:iso.org:21090","value":"Computed Tomography"},"codeSystemVersion":"20121129"},"imageCollection":{"Image":[{"sopClassUid":{"root":"1.2.840.10008.5.1.4.1.1.7"},"sopInstanceUid":{"root":"1.2.826.0.1.3680043.9.6883.1.98634492079789830913649002634932082"}}]},"instanceUid":{"root":"1.2.826.0.1.3680043.9.6883.1.26061468719168573720143090973972967"}},"startTime":{"value":"180526"},"instanceUid":{"root":"1.2.826.0.1.3680043.9.6883.1.27939524453445721325265426006463727"},"startDate":{"value":"20190331"},"accessionNumber":{"value":"12345678"}},"xsi:type":"DicomImageReferenceEntity","uniqueIdentifier":{"root":"2.25.191037235447472021908870609756756324431"}}]}}]}}}