{"ImageAnnotationCollection":{"xmlns":"gme://caCORE.caCORE/4.4/edu.northwestern.radiology.AIM","xmlns:rdf":"http://www.w3.org/1999/02/22-rdf-syntax-ns#","xmlns:xsi":"http://www.w3.org/2001/XMLSchema-instance","aimVersion":"AIMv4_2","xsi:schemaLocation":"gme://caCORE.caCORE/4.4/edu.northwestern.radiology.AIM AIM_v4.2_rv2_XML.xsd","uniqueIdentifier":{"root":"2.25.379399585900307598172073835887534701059"},"studyInstanceUid":{"root":"1.2.826.0.1.3680043.9.6883.1.27939524453445721325265426006463727"},"seriesInstanceUid":{"root":"2.25.628770194347671830041600940178672086522"},"accessionNumber":{"value":"12345678"},"dateTime":{"value":"20200424012715"},"user":{"loginName":{"value":"admin"},"name":{"value":"admin"}},"equipment":{"manufacturerName":{"value":"Aidoc"},"manufacturerModelName":{"value":""},"softwareVersion":{"value":""}},"person":{"sex":{"value":"F"},"name":{"value":"John Doe"},"id":{"value":"87654321"},"birthDate":{"value":""}},"imageAnnotations":{"ImageAnnotation":[{"uniqueIdentifier":{"root":"2.25.568948403786040417820681320883637393991"},"typeCode":[{"code":"ROI","codeSystemName":"99EPAD","iso:displayName":{"xmlns:iso":"uri:iso.org:21090","value":"ROI Only"}}],"dateTime":{"value":"20200424012715"},"name":{"value":"aaa"},"comment":{"value":"CT / AIDOC / 165 / 9900"},"precedentReferencedAnnotationUid":{"root":""},"calculationEntityCollection":{"CalculationEntity":[{"calculationResultCollection":{"CalculationResult":[{"unitOfMeasure":{"value":"mm"},"dataType":{"code":"C48870","codeSystem":"NCI","iso:displayName":{"xmlns:iso":"uri:iso.org:21090","value":"Double"}},"xsi:type":"CompactCalculationResult","dimensionCollection":{"Dimension":[{"size":{"value":1},"index":{"value":0},"label":{"value":"LineLength"}}]},"type":"Scalar","value":{"value":"55.365148474728805"}}]},"description":{"value":"Length"},"uniqueIdentifier":{"root":"2.25.792181103864568342454596723257760149739"},"typeCode":[{"code":"G-D7FE","codeSystemName":"SRT","iso:displayName":{"xmlns:iso":"uri:iso.org:21090","value":"Length"}}]}]},"markupEntityCollection":{"MarkupEntity":[{"includeFlag":{"value":true},"twoDimensionSpatialCoordinateCollection":{"TwoDimensionSpatialCoordinate":[{"x":{"value":216.32190760059615},"coordinateIndex":{"value":0},"y":{"value":281.5618479880775}},{"x":{"value":293.3889716840536},"coordinateIndex":{"value":1},"y":{"value":198.39046199701937}}]},"shapeIdentifier":{"value":1},"uniqueIdentifier":{"root":"2.25.978055136109776582231623850506335335131"},"xsi:type":"TwoDimensionMultiPoint","imageReferenceUid":{"root":"1.2.826.0.1.3680043.9.6883.1.98634492079789830913649002634932082"},"referencedFrameNumber":{"value":1}}]},"imageAnnotationStatementCollection":{"ImageAnnotationStatement":[{"xsi:type":"CalculationEntityReferencesMarkupEntityStatement","objectUniqueIdentifier":{"root":"2.25.978055136109776582231623850506335335131"},"subjectUniqueIdentifier":{"root":"2.25.792181103864568342454596723257760149739"}}]},"imageReferenceEntityCollection":{"ImageReferenceEntity":[{"imageStudy":{"imageSeries":{"modality":{"code":"CT","codeSystemName":"DCM","iso:displayName":{"xmlns:iso":"uri:iso.org:21090","value":"Computed Tomography"},"codeSystemVersion":"20121129"},"imageCollection":{"Image":[{"sopClassUid":{"root":"1.2.840.10008.5.1.4.1.1.7"},"sopInstanceUid":{"root":"1.2.826.0.1.3680043.9.6883.1.98634492079789830913649002634932082"}}]},"instanceUid":{"root":"1.2.826.0.1.3680043.9.6883.1.26061468719168573720143090973972967"}},"startTime":{"value":"180526"},"instanceUid":{"root":"1.2.826.0.1.3680043.9.6883.1.27939524453445721325265426006463727"},"startDate":{"value":"20190331"},"accessionNumber":{"value":"12345678"}},"xsi:type":"DicomImageReferenceEntity","uniqueIdentifier":{"root":"2.25.248459431794383105308803418412482324480"}}]}}]}}}